"V1";"V2";"V3";"V4"
10,6052707623146;10,855304496255;10,7387188175091;10,8035962857989
10,8239826900904;10,8035287820524;10,6404028774356;10,7462179540099
11,9422454924401;10,7702947606911;10,930321958501;10,8307234293582
10,9500519327309;10,7694800947169;10,8430171938917;10,8030282371638
10,4544122648681;10,5143453553568;10,9664285129551;10,8485778343739
10,6272283068081;10,7129039829608;10,7524964697784;10,8237100562733
12,100460732117;10,9803069986967;10,7744925259117;10,8046606999831
10,7538220290574;10,7823834315982;10,8677427172747;10,7712447272317
11,1084365676471;10,8065925382406;10,688706790334;10,880752728696
10,6644959196116;10,964792978037;10,8309940609013;10,857268151867
10,6481043831848;10,8403973963694;10,981643375149;10,7572056310986
10,6387755303156;11,1112492309759;10,8168116672991;10,7946717223668
10,1613087704635;10,6962560695618;10,4842521420788;10,8691657440587
9,72624124141883;10,848228011872;10,8592555896485;10,8533887690414
10,9504187580661;10,6316527899076;10,836252203513;10,7751745938045
11,1782631374833;10,799007168821;10,977023213089;10,8241713937172
11,387317729817;10,9318793614947;10,6964472607078;10,8456660343366
10,893087051106;10,7428272204787;10,9078684695774;10,7772316881676
10,4954751786221;10,7079062313511;10,8709083719759;10,8187530856136
11,4772911001671;10,7419948395036;10,6282364791957;10,8560492787332
10,3538892569088;10,7776146564067;10,7489110562718;10,8905222469588
11,6468692755147;10,849274697915;10,787941793066;10,8199543064272
11,14909943182;10,4833478896988;10,7422338341561;10,8403188063637
10,5756658540202;10,834769552409;10,8588285518075;10,8060088367885
10,9533838795873;10,6846223241963;10,7478152035031;10,9237796545357
11,0384682261724;11,1015454459279;10,800697652222;10,8444642366567
11,0870583014633;11,0279626934068;10,8534902585767;10,8322922066901
10,9379845522894;10,7309296709154;10,7329629564834;10,8510293784827
12,8335611052115;10,6142483356306;10,6858586930186;10,944084001506
11,2850103635061;10,8410989469532;10,807449678211;10,8192518245878
11,5889040134895;11,0906232930114;10,7678986615061;10,8426604862521
10,4907714354379;10,7634263712659;10,7237945896197;10,8093178108302
11,4148021596358;10,934166943843;10,7957884646067;10,8621333807653
10,761055227568;10,8957692091748;10,7536624166746;10,7575622509535
10,2447313276763;10,9529713626538;10,6722921713657;10,8217830443466
10,9618905032439;10,8537587311018;10,9519462808093;10,7910783262758
10,1702016047591;10,822504171651;10,8361701667507;10,7632226660191
10,7742272808835;10,8759590360023;11,0490194662104;10,8517370234314
10,3322506596904;10,7398158961934;10,8918772252411;10,8856085255943
10,193842280512;10,7813154709823;10,7842387144201;10,817667116051
10,7267709868427;10,9645509708412;10,7884794709598;10,763141492295
10,4174398588637;10,9681442277195;10,5465417826613;10,8534207572169
11,5309934904572;10,9381311281159;10,8173801267354;10,8422088582519
11,0300177703703;10,7705862464465;10,8627624933642;10,9011601898525
10,4662017205789;10,8933010675767;11,0122692687518;10,8973077822224
10,9047346925525;10,5937647970929;10,9490527091502;10,8052449950113
10,742852237238;11,1787051308113;10,6518625336422;10,8041634929883
10,9374114092353;10,8739785936713;10,7777828218435;10,8350850082866
10,7720078845544;10,8495280600422;10,8257252784253;10,8551733449173
10,691059410242;10,7088920651292;10,9166690558277;10,6840358382996
10,8663138011627;11,5822331518123;10,851333605886;10,8494370099594
10,647369728824;10,8440243389723;11,1695119478325;10,7882372008452
11,013882665565;10,7069673830328;10,9102472117172;10,8326930980343
11,3010457233779;10,747577689857;10,7057018007692;10,8522722162566
11,2497867978978;11,4066185029633;10,7077395245254;10,8375319170826
10,7245519505081;10,9200394051208;10,9222037765896;10,8737823928962
10,9862071665525;10,8329744059141;10,8100584662233;10,82158102325
10,0741498490917;10,7106049216205;10,9505683557071;10,8582936025787
10,8284526932835;10,53588790584;10,8776772821334;10,7835389791358
10,8559246526866;10,8847749611992;10,6845706832252;10,8153362707947
12,8657365571753;10,7026896951138;10,6749744625893;10,8005673393691
10,4931850397024;10,8467415554777;10,9441433072738;10,8750233952175
10,6362429476189;11,2039857373226;10,8114902484241;10,8625969034937
10,4084238257172;10,8193726195066;10,8317255977546;10,7662758307135
11,075888700669;10,6062490379285;10,9358272570818;10,7992288029927
10,711494379043;11,0812617034582;10,7948264536265;10,8689946041963
10,4845735411737;11,0868179269232;11,0372809187704;10,9280429494685
10,3600099297225;10,6433974402868;10,8793018275709;10,8308678061806
11,1271630977786;10,9237092168989;10,6240294422021;10,8422013300475
10,2376713514551;11,0821566168356;10,878067059981;10,8713942771137
11,2307425354799;10,8364700221799;10,9335910281714;10,8961225157611
10,441292441264;10,7393443165388;10,883024254432;10,8053837803746
10,4323123321969;10,8546609842105;10,8047740140845;10,8510292409877
10,718850431424;10,5336881947592;10,7421115422992;10,8916942967829
11,0814064928417;11,0303580950919;10,5935177601796;10,8626975714211
10,8208274126209;10,8522493908773;10,7359660917539;10,819130594416
11,3646645215468;10,903164369996;10,8631455477998;10,8539380648471
10,812631484446;10,8173545278548;10,7673412647358;10,8469116720975
10,9273612453435;10,8418169018226;10,627645554347;10,8441591961528
10,0632626146539;10,5159849045437;10,8579338058405;10,8052034627823
12,2216876049799;10,7711781386116;10,5667228194967;10,7440868885813
9,094213272001;10,7788639419595;10,7313570544486;10,8035065433643
10,5757686392845;11,0916417534749;10,9120551760391;10,7927332647118
10,7401043919332;11,0051638026604;11,0336036702563;10,8401366353389
10,7989384354428;10,9829284761885;10,7575137446262;10,914466999006
11,2013176876995;11,0199563288219;10,6469512165175;10,8467363066422
11,0399949585822;10,9716852702431;10,8431257152907;10,8110379134026
10,8388390574559;10,6074424005408;10,7251867787932;10,8448596616702
11,3786684891863;10,805553764317;11,0499350646918;10,8268433710365
11,2369838776499;10,5272419045707;10,8499964367272;10,7715242359761
11,3144224189168;10,9008633826652;10,592398892206;10,887072719555
11,0612219381186;10,9968803080241;10,6781908370236;10,8476081654754
10,3505364210386;10,7519909904236;10,7867292605534;10,8417546835786
10,4543984196964;10,6749679918493;10,6135989076835;10,8235737202451
10,2760772924106;10,8828154481856;10,7681498133981;10,8785745184129
10,4699189051312;11,243993707316;10,763796715899;10,8348696072889
10,3311072570493;10,6873218864768;10,9293344132667;10,8656729169534
11,1657454635685;10,9143866976694;10,8054972981233;10,836803339926
11,0505455316867;10,8062633022078;10,9475829032735;10,8317658777185
11,1432522878329;10,8138571881334;10,9829438846959;10,758457779409
10,7127674975099;10,491720793782;10,7184274321579;10,7690392980322
10,7724169600195;10,8164110392477;10,8346267407628;10,8776892398952
10,3987480629417;10,791195962281;11,1653542157792;10,8647669954446
11,3409818433919;11,165134267423;10,7708221299868;10,8747725293064
10,673706404783;10,8885707082234;10,9312296052257;10,8020328901876
11,0101493365423;11,1643645970426;10,9674862093997;10,841984528735
11,108782074944;10,8436460442485;10,8638887149192;10,7958323822832
10,4849705638363;10,7546562582772;10,7539465613503;10,7822463047162
10,6037021594343;10,8358869355968;10,8517096769544;10,9288963337417
10,6395077558153;11,0859471930253;10,6739071666065;10,8477312943302
10,7599674214598;11,0382121266261;10,8523118195996;10,8033419600955
10,0383633724575;10,7545815300217;10,9944492637528;10,8302600862464
10,9071830710023;10,6653859948063;11,0267352004029;10,8551908702847
10,9227257532504;10,8436770950117;10,750669048034;10,7994028714498
10,6250592857786;10,6394960281888;10,8790145367035;10,8090982476555
10,8736361584449;11,037579897872;10,8954440825188;10,8455981996385
10,1019070228185;11,0444876123505;10,8123992263456;10,8784335942658
10,4489023348258;10,9600597529984;10,7660523797899;10,8181199646703
10,6092478525301;10,4534378185196;10,9763042062733;10,8812921766202
10,5621783652992;10,6652798378606;10,9147135782099;10,8385246469808
10,6722603867553;10,7407261657377;10,8393241920084;10,8198644524409
11,0362499139657;10,6555350808311;10,6677001703235;10,8632205752341
10,22563470766;10,8243461401936;10,699275421574;10,8495994962226
11,2248984161314;10,9015298130263;10,8873769041903;10,8248341058366
11,0034635019918;10,4539784548223;10,9763482358797;10,8258207630718
10,4245890881305;10,6443718973655;10,7612624643153;10,8860565163512
10,3772783918891;10,8639497036214;10,831853803361;10,8285079735428
10,0188540830982;10,9950873926149;11,0395146866705;10,7949104195543
10,4105566668983;10,606761005862;10,6772498079585;10,8341225693747
10,3208767174803;10,6675864841101;10,8087562187042;10,9371695532208
10,764899992379;11,0997469114532;10,7004310864272;10,8521573598555
10,4181633296702;10,7794178690153;10,8926912340067;10,9066642974621
10,7766074175482;10,8830212884343;10,6829883713247;10,8345000679485
11,119225271017;11,0999298123049;10,9953808054183;10,8655246098096
10,5070781066837;10,8173476768713;10,9287863940087;10,7649592432865
10,8714320935063;10,7350108336102;10,8368023183617;10,798499963093
10,0900093679839;10,4751620755776;10,7392034926438;10,8416204724215
9,82938570141551;10,7872058379463;10,9301333690472;10,8319000552559
11,6592420390618;10,9589859482228;10,9302432473248;10,8501881340721
10,288238112592;10,5867581602778;11,1319576231707;10,7993710185988
11,0807917460311;10,8340408537567;10,7134773217204;10,7929919985399
10,7021039052329;10,8637850725751;10,8271815253117;10,7995024765272
10,2806036312598;10,8380883670786;10,8255918560774;10,8122746153155
10,8078668853332;10,9068873609778;10,8540003744537;10,837985958611
11,2853282271656;11,0160651884507;11,0254404347711;10,8178119169794
10,2783114650785;10,5609212398718;10,6682173234678;10,834876346857
11,4555656566686;10,9815238170104;10,7345381974906;10,8372811371749
10,5807733422607;11,1413408747181;10,8264825722892;10,7404590481899
11,1149500964544;10,9718187375194;10,8942467571365;10,8327777077896
10,4008040828526;10,8762993828019;10,871263756177;10,8499914012647
10,8002655447857;10,9218947069888;10,867570925154;10,8596418298946
11,1913237384027;10,3195589375951;10,8267428379772;10,7794500063265
10,713346113378;10,9718292044309;10,9315252338137;10,8400828602501
10,4178010769936;10,6429093960563;11,1176182229642;10,8853180704982
10,3978188606773;10,7681111952015;10,8488463158895;10,8748731090708
10,350629591952;10,7520928692681;10,8474948989524;10,7899889794531
10,9225952353547;11,0501387209255;10,9698036905164;10,854047095689
10,7084262351719;11,3312011757131;10,8756370811108;10,8420021184967
9,92687054463836;10,7933699479827;10,5893682383814;10,8260094307621
10,5059647491804;10,7545589730616;10,8213400953996;10,8073290736599
10,7399712801194;11,2065086798111;10,9974388847026;10,8209806784079
11,1013428058407;10,9019955983757;10,8367893379232;10,8731035536429
11,6582149551734;10,6728972929228;10,691068162565;10,7645067135921
10,2805991860826;11,1336251292581;10,8337514365792;10,7963508774349
10,533740861117;11,1871715749829;10,7106615260298;10,8267939629075
10,9542674632482;11,1415472042977;10,9181011997602;10,816983220442
11,1405245828908;10,7815096712653;10,7387886321143;10,867234553816
10,5842914891003;10,8215540897596;11,0384789460427;10,7697740632669
11,3499466656984;10,8656854143755;10,8442450928341;10,8705075039521
10,8893968682928;11,0473189794666;10,945005860968;10,8280165127478
10,4060462585511;10,8919201649016;11,0523339999595;10,7632061084929
10,3362442861186;10,9450234050177;10,6024873054387;10,8360187278396
10,3691768542925;10,7826464840789;10,8079275733774;10,8241418492391
11,8182298167745;10,9660447478543;10,6753237318425;10,7438342399845
10,1987651008733;11,0245723247783;10,8410624744926;10,8297003335304
10,353724967976;10,9284653200439;10,8477856428234;10,8288303720627
10,7381261209276;10,8770213285624;10,7837312058685;10,9062351641617
10,4948110339558;10,92273721627;10,8776593073355;10,850116387288
11,2446131805959;10,9240342468338;11,0046069808076;10,7665110129035
10,297194019954;10,740758521777;10,8883649933259;10,8395686712103
10,7979577551442;11,1013561533214;10,6798996488579;10,8793196562113
11,6532360335254;10,8964810442944;10,7874542321625;10,8435257041654
10,5138486834422;10,8532127155559;10,8262034649445;10,8084397769228
10,6292518703939;10,7068323517541;10,9726371614121;10,8200355452984
10,6600251228834;10,6644694181496;11,1214164338401;10,7576516194744
10,2945551179365;10,4464038362882;10,7986554414969;10,8076690132665
10,1724822173305;11,5459497252509;10,9128215776656;10,7884274386173
11,1277998401099;10,6489554756709;10,8156630525041;10,8098722423366
10,7968610549265;10,7531970562588;10,7090306131999;10,8107528679033
11,1974008559823;10,9488644486308;10,9005575937969;10,8789649107072
10,4216224823003;10,8925546093664;10,5517146940494;10,8677028690829
10,578723292259;10,7822165913644;10,8339655617639;10,8584003997919
11,3837907173542;10,700671606589;10,8964603562724;10,8089930990765
10,7243034516012;10,5673440136126;10,8212521819235;10,8288531809248
11,1104262374741;10,7850409629582;10,8031994534049;10,8323755518175
10,9994198946131;11,0990602383464;10,6681179420231;10,8333663468116
11,3614835783499;10,9561341528795;11,0029091840778;10,848834800591
10,5090520241253;10,758848393104;11,0069809421963;10,8620399590492
10,3264828831844;10,5779043043249;10,7167413559666;10,8405468813657
11,1506131674833;10,7105057072921;11,0658301916982;10,8006683554325
11,6557997673707;11,0514419638212;10,703698377051;10,8853829625057
10,7441395399299;10,7702230454848;11,0204132861531;10,8824062712807
10,7401409083268;11,1685147906917;10,8167397220336;10,818033944779
10,8128114024475;10,9154032681737;11,0059097706999;10,8364372613657
11,3873631655387;10,5924555703502;10,6686357360577;10,8213365822804
11,2019311749284;10,6656555583326;10,82867683893;10,8703278280652
10,8921735829348;10,7948671061419;10,9455858740994;10,7972346423665
10,9290641919357;11,1144201995112;10,9634378729954;10,7617396684802
10,393746254299;10,8243318772674;10,9851152104737;10,8535325158993
10,8846696559529;10,8681965831256;10,8982266326792;10,8490157346298
10,5838627763377;10,3969147893102;10,897389601195;10,8480786635894
11,4000233479908;10,9048807014868;10,7014323856387;10,9068432165711
10,6351397428044;10,7931650407793;10,7592183611595;10,8932669536578
11,0214956898816;10,7548778048085;10,9490085541267;10,8407028538602
10,5922731620751;10,781415445613;11,0438182075305;10,9271375106619
9,95147017037559;10,7022472735182;10,7112506047919;10,8408356407069
10,393568081719;10,7760907328188;10,8315790614862;10,7567102039782
11,2053648503652;10,6927685342585;10,7489863664904;10,8736612372105
10,7088762927621;11,0727440038978;10,7763812233923;10,8782756603859
10,6944955425331;10,8733583744332;10,5548029430837;10,812935431938
11,0938925400087;10,6954841659056;10,8288519079749;10,8598560361101
11,5299087517081;10,2440826649082;11,0450631681847;10,8663768398883
11,2057006774842;10,5176160238339;10,8941533622297;10,8251409810225
10,6720920966531;10,8993943817755;10,9481764329445;10,8574974906698
10,9043814098803;11,2648892559996;11,00842304039;10,8039655810687
10,3510925441134;10,7366962475602;10,7936367930173;10,8195405207038
10,9898044150167;10,8130397120067;10,8481921649399;10,760309732899
10,7494342987206;10,9028596980874;10,947441411466;10,8254784874074
10,5925021104676;10,6984141422446;10,7767528642592;10,7965675382933
10,6384388859756;10,519358189724;10,8490070426109;10,889286140972
10,3539480653988;10,7396215914311;10,9435764578615;10,8378559436103
10,8807636419425;10,5347705374488;10,8493588446609;10,7982668326814
11,1446899672198;11,0388765361952;10,7455672838128;10,8495754158636
10,7300922564329;10,7922150194494;11,0338477203102;10,8449991077812
10,338256042685;11,4631837357678;11,0400995079604;10,797178464281
11,6187887217165;10,7294552698765;10,7258671266407;10,8192659240213
10,9521631099989;10,6837728464792;10,9025390425663;10,8101915499536
9,60887305133377;10,6743641435248;10,8401157364987;10,8664075489214
11,122950622152;11,2712109439601;10,8620860834593;10,8239415805712
10,4146081515774;10,9240438476238;10,5047959928778;10,8523392982458
11,5069558755756;10,7950468246649;10,8712725223027;10,8131882524315
11,0557915570027;10,9692403547487;10,8948544823505;10,8223457565241
11,0313862951536;10,5180877267667;11,0598402859595;10,7842541820512
10,701793613174;10,8260398319461;10,8071262348933;10,7603525790616
11,5412740067641;10,9416175919436;10,8937964259549;10,9192880960713
10,5709155147369;10,8209114420673;11,0237944620319;10,84944153588
10,6933635135609;11,0977424913257;10,7137650261574;10,8965194865138
11,7976988323499;10,9002048696816;10,7322854195084;10,8146680707879
11,3948969719334;10,9226611656211;10,6529527131964;10,8398070470604
10,4288973950483;10,9911914615573;10,8387765530321;10,8229692554212
11,0184174755552;10,8113893181563;10,8142420790035;10,8404521957483
11,4540169086282;10,6691436296017;10,7282551647808;10,8113827919284
10,9554309972354;10,5444960055318;10,6725039472294;10,7940824815114
10,5051037053997;10,8955521418137;11,0081526223019;10,8037927953286
11,7393298819218;10,6174149044806;10,8915021562235;10,8476360060963
10,9510690886765;10,7731096842825;11,1107588765403;10,8218190189331
10,8297021351714;10,4687828600584;10,8286443499033;10,778265673462
10,5264499646511;10,9209037783918;10,7021433536699;10,8715393145871
10,6705986069938;11,0238801889603;11,135112115211;10,8406249201349
10,6084442383131;10,606556473476;10,9693850829779;10,8403547367902
10,5244492132089;10,4070913683804;10,8321997624253;10,8637243264587
10,7935445172409;10,7700144794198;10,6290892738271;10,9204745351554
10,646876851674;10,6283695797599;10,7907214662354;10,8611675525416
11,1310756137294;10,9505658385715;10,8137750857698;10,7895110678586
10,1090304864506;10,6575052389216;11,0706026957624;10,7519366041223
11,1205810781996;11,0608154579951;10,4932360896639;10,805734289717
10,6795449034536;10,3500585221204;10,7641079187313;10,9167366914166
11,3690289445125;10,6972345200952;10,8006138273551;10,8918941799558
10,5954216815664;10,8620924580648;10,693942941547;10,8095390935071
10,4042218839435;10,7438291568869;10,6491207597272;10,7452668819187
10,9074218524555;10,8814062771306;10,6924621104948;10,9347761261052
10,6641759292602;11,2926328873278;10,9780056038026;10,7998797632698
10,7215879550268;10,9607958469959;10,7991417343563;10,7995660878423
10,5917180999692;11,144145816589;10,7303268385036;10,9060787176313
10,5173041500405;10,9926450793289;10,7786405833304;10,8567149692497
11,4095181568695;10,7106575198391;10,75458426372;10,836946560272
10,9733019844519;10,9888953500858;11,0673790782137;10,887380825396
10,5663892500814;10,8259600048854;10,7726144156845;10,7751226205625
11,5636482526696;10,8704280464276;10,8574007113381;10,8733296496848
11,776071616244;10,7882701452575;10,9887244285802;10,8258925222563
11,2230474272038;10,9207729670473;11,0656566440731;10,8292900748527
10,6506458364805;11,072008725681;11,0576514484272;10,7988447983728
11,0156048003651;11,2348420991332;10,901791293459;10,7981281847272
10,4345224936077;10,8119687283592;10,9036318289492;10,8823470843886
10,3152437846724;11,1467535737042;10,8498485692146;10,8158570164319
12,0565767046956;10,6972337501752;10,7173516685425;10,8489009142809
11,0103561419072;10,6930804801166;10,6083452023493;10,8492846774236
10,8578758550066;10,9715355069396;10,7976369861094;10,8043802015709
10,9242453085853;10,5155525836622;10,7560712627634;10,809011806236
12,2544943350841;11,0416444736298;10,9395227368843;10,8184927034599
11,3259077747212;10,8022872353544;10,9191273777722;10,8783203581111
10,9235300044701;10,9524955040401;10,9600116658936;10,7909205661338
10,3798823004645;10,9612195723359;10,6001925149251;10,8506606868684
10,456195431777;10,977433323769;10,8025963715173;10,8208312858882
11,3084627667881;10,8587848173905;10,8976746966437;10,7843126691336
11,040948490786;11,000042098677;10,8370304508496;10,8066829081294
10,7122514043634;10,8886023610718;10,7177381471283;10,8597457430585
11,9659725113537;10,8398018047099;10,6687863139439;10,8271001531314
10,8011685048666;10,5571567938178;10,7280986431817;10,8074288379524
10,6383918807136;10,7807885163439;10,7993405862532;10,7888621364553
10,8265856338748;10,616974162269;10,7308493482406;10,8319500940105
10,7670743956908;10,8582478227001;10,7742959199774;10,8892286423722
10,4876932765946;10,86472991778;10,8520150652719;10,8407408072756
10,3889095894225;10,8230067284142;10,7166584317739;10,751879332825
10,7032385754818;10,7327000456508;10,7014762679354;10,7402650678385
10,1910792228228;11,4958377604749;10,720440344702;10,832474794746
11,9192886932224;10,6697082400903;10,9425643754095;10,8852500255576
10,6350794698638;10,6399905316875;10,9033203424845;10,823438278062
10,8072306119407;10,8588557019631;10,9461025287902;10,803829295684
10,5754547620593;10,8065528653612;10,854013758165;10,7926048573881
11,1298289768405;10,6429430190092;10,8903622383295;10,8383274069029
10,4558223666828;10,910297018859;11,061318593316;10,821521085439
11,0615410694195;10,7751662521226;10,6962838057524;10,7641414921149
11,287066509183;10,6976658638887;10,8349496356639;10,8352057885804
11,0474718548432;10,9625612226194;10,9288195789638;10,8563651313525
10,7533509156231;11,0901889946693;10,8484365125959;10,8612439748455
10,0797645517425;10,7580187960375;10,9822244525437;10,8275296903922
11,0641501308054;10,6690973152417;11,0447854393954;10,8038240197613
11,2887397813669;11,1652512304492;10,8900162468113;10,7645353901245
10,2757640394006;10,9131936795904;10,7849328282542;10,8761174995248
11,3594583027723;10,7771225598688;10,9942577957189;10,8593639462237
10,8837396387722;11,1671123970395;10,8814585065566;10,8172728282602
10,3098186818106;10,992003072509;10,9986625940863;10,8660244388447
10,8112420600709;10,8461856256565;10,5416025351646;10,8823615024208
10,7320275684424;10,7005988247893;10,6625696173767;10,796666694146
10,7656463445071;10,9330385853616;10,7854777447235;10,8126367185581
10,9567311946085;10,9281498203668;11,0454716326996;10,7887742497868
10,5273836218027;10,9026327307421;10,9256479416755;10,8848483387339
11,202980710917;10,6758902906961;10,9388136681409;10,8670658553797
11,7647579391167;10,5935850695515;11,0047305182305;10,834616281663
10,4257253399575;10,7909779077734;10,6957240528096;10,8164717486108
10,8752030774266;10,6581131222295;10,7919371143634;10,8037027271136
10,4803587323726;10,7180251415996;10,8504270761015;10,842985647354
10,3832729629645;10,9622470836697;10,8947875453822;10,87129340595
10,6436633315402;10,6239170733046;10,7403851667468;10,8520655932397
10,9944021668396;10,8135995840145;10,7799195229726;10,7902234339109
10,2755531909815;10,9761241327993;10,908020274572;10,8006972721995
10,4422630817098;11,1506548801611;10,8284717619109;10,8545600376662
10,9212998367883;10,8574566495602;10,9830501725123;10,7738254157686
10,5856627737259;11,0009756003876;10,825943571236;10,8352052123128
10,7234581733024;10,8133946221736;11,0066184497708;10,8596299146485
11,8362508341984;10,7738449235511;10,6810451544575;10,845928016556
10,266864157828;11,3557479938279;10,6724926809717;10,9055853250639
10,6088515391768;10,6925888834091;10,7357829771531;10,8685467631572
12,2738390780079;10,5362091160514;10,9277471558543;10,772938629253
11,2325311877271;11,1832907883939;10,7527274923237;10,8556772858038
10,2997407443572;10,535160986947;11,063862277098;10,9162989105398
9,85631221974425;11,0492017426617;10,7919543458618;10,7991352479128
10,7759793949255;10,8746123695332;10,7765034339094;10,7910180517411
11,0570708885474;10,6338093222231;10,7027892709925;10,8737919100014
10,3424615176754;10,8835008488861;10,9587939650292;10,8965592733723
11,6433650162353;10,9911097588827;10,8676021097436;10,8378495854286
10,5805164087309;11,1740577388308;10,7433696050874;10,7938136228615
11,0506074405657;10,8666316552692;10,846173705233;10,7599081775063
10,8679563789676;10,7178423911995;10,6801578860988;10,955686887372
11,0369892404546;10,3459791338182;10,7091027107742;10,8321834830116
10,6989804563066;10,9852433202536;11,2627276487565;10,8255728304594
10,8145103185579;10,7325734098706;10,700294894741;10,8554202477888
10,8077629269795;10,8875097568197;10,6946294113501;10,7999264892471
10,7876623858796;10,598181341444;10,7920144968616;10,7837563554249
10,7971461766106;10,4543541263701;10,867595304009;10,8059883974995
10,5530402062941;11,0771028764411;10,6365073021379;10,7919785138293
10,2987410271903;10,4763217344085;10,9885120370153;10,8505106131951
10,5865286066173;10,5828564407204;10,7758131426549;10,8921090355076
11,1834635050676;10,8953395384141;10,6267954462951;10,8601549686959
10,7526850373224;10,8452780479729;10,8972341342458;10,7373530206092
11,3989997267304;10,8311975936958;11,0710380949999;10,9207804776648
10,639504918306;10,845640499752;10,7807457698262;10,8547551652184
11,0499343787704;10,8295030909435;10,774493487392;10,9394600029508
11,0015177959642;10,6929441667369;10,9667383537246;10,8693555019377
10,7251990831474;11,0856992483381;11,1624679538629;10,8729823732813
10,715802751779;11,1141122806464;10,7708560930512;10,8664077040653
10,500371049928;10,765780092732;10,8651661511486;10,7962788867731
11,4675432717972;10,5959631120662;10,8645999584635;10,8633264348321
12,0662044645125;11,2689191590096;10,8086044207844;10,7696529994447
10,2005032283331;10,8653438304766;10,7973676608203;10,803807711408
10,7267578107598;10,670432769811;10,8741782325459;10,7963869582082
10,5402704917676;11,0443339199954;10,8575850071474;10,8175560284137
10,8902290565044;10,8808914890075;10,8815403771263;10,8250288470046
10,6083916232385;10,9060636187605;10,9185874020289;10,8138504719447
10,6427894465228;10,7644684379146;10,8382700765357;10,7588280686999
11,0124977384653;10,9542094477855;10,717515793055;10,8317408544933
11,1027052853785;10,7428024713949;10,7527696165733;10,7960067795061
10,7583632383321;10,8081243340279;10,873906892998;10,871526423534
10,7018673183242;10,8379967195252;10,7419924453767;10,8196602831588
13,0493669067683;10,7844784432992;10,6732780281464;10,8938647775783
10,5671141565124;10,8969070442392;10,6894344806071;10,8788959389161
10,308482840212;10,9998760001851;10,5958260125596;10,7749849941729
10,8682370420983;10,6513158714713;10,6992724008827;10,7801823376192
11,0063328727161;10,7181751533757;10,8680785804156;10,8174893855513
10,9774083508107;10,8909078520799;10,8383404048244;10,9480505900138
11,0471023591312;10,7608235349533;10,6813416729773;10,8788731887519
10,677539670844;10,8801745595066;10,9507547975884;10,7887313800518
10,6148436121315;11,0393318387993;10,7619180738997;10,9457695094534
11,1679375259622;11,1357048621537;10,8771552641678;10,823158407793
10,5834863242936;10,6497379174432;11,0102694850678;10,8715148228881
10,9211278531685;11,1684431396833;10,9985452338439;10,9270110136313
10,526847038078;10,7376248575798;10,7456521286152;10,8871887809951
10,575420631735;10,8339762069319;10,5603684912175;10,8638213879821
11,4942108017027;10,8975717371824;10,8753496385522;10,8710115891263
10,8658943350995;10,712323432683;10,8467633088374;10,8410508573481
11,9891982075946;10,7750700627207;10,9131234070995;10,9536504971268
11,0383132792661;10,5029045350449;11,050792962939;10,9115256260355
11,8721830355966;10,7721761277765;10,7734861561435;10,8675477641834
10,7615175104366;10,7746911627905;10,7974767501659;10,9025474023362
10,7126686897269;11,1336142629965;10,5544047278317;10,8379277677092
10,6862570310381;11,0051960464371;11,0160399577967;10,8514733440122
10,6888977668953;11,0918850208048;10,8242299894465;10,8183374849786
10,6892594555005;10,9917478123897;10,8560957164756;10,9236701229849
10,6436942151045;10,5614391172726;10,8017114692046;10,7993690851434
10,5086813583084;10,7992591280165;10,6645383653047;10,7947480570722
9,90548088548872;10,6544883340227;10,8191192201997;10,8304912328786
10,6684491833152;10,9511295039923;10,7452896212325;10,8162211420041
10,7761323013278;10,7085833886745;10,8703221671579;10,8218930892479
11,1014731106159;10,792354867424;11,0338012382409;10,8495278020585
11,1628350213768;11,4481306926648;10,7723218726222;10,8304387046395
11,1564731232676;10,6163526238308;10,8789804052712;10,7947549577504
10,0723025853765;10,7496788170394;10,6003619418469;10,7960012405544
11,2695848851378;10,8117895203179;10,8796887420598;10,7936226707999
10,5614511306892;10,7175083007372;10,8639955546606;10,8076654014151
10,8263597358562;10,8127139920131;10,6967355877016;10,8462617644913
10,4017094078573;10,8115827461366;10,7198469907624;10,7811731039767
10,4094196391965;10,9376767321935;10,7179758778338;10,8614345530795
12,0943623192206;10,9873220055046;10,8123234562972;10,7534929556499
10,4159223836019;10,7093579240593;10,6732170449836;10,9120082519082
11,0618135030023;10,7352059654696;10,8193457109903;10,8192843796415
10,7668469853943;10,5862521397563;10,9078812467947;10,8442589541008
11,7233185613095;10,3875415199153;10,8767292627829;10,7010039039944
10,535861248212;10,5726932391995;10,9124558518313;10,8683468862977
11,6495100986813;10,8266073961905;10,8302669449994;10,7707857057119
10,9323557927024;11,1158451632202;10,9309656671764;10,8013114815802
10,8477134532624;11,0221671796745;10,8792299600715;10,7950957060794
10,5166720078468;11,0304826236805;10,7913495694702;10,878589516982
10,7143737601636;10,9598960299178;10,8912758463837;10,878093115403
10,0407363978634;10,8358641883629;10,743662651521;10,9402528891649
11,7364879742029;10,8252570946595;10,7076037954068;10,8327535286553
10,4388476101888;10,6003120496772;10,6482674356169;10,8362803095242
11,3970556000874;10,7568454383925;10,6529608164625;10,896262713723
10,8206343115972;10,8739844711677;10,9301150215342;10,8908494949019
10,3627359976179;11,1313522371902;10,7968269020718;10,8048575105782
10,6110043385714;11,008089774655;10,9003270819107;10,8671208578732
11,733542941981;10,6800763287071;11,0034348724234;10,8062952871029
10,4365514450707;10,925417003114;10,7239870144201;10,8573282129522
10,1151904755846;10,8814717831943;10,8353261678785;10,8499913578627
10,3879366782822;10,9440128538698;10,8433251780385;10,8233385355906
11,2282747986882;10,6707047035667;10,7711141806017;10,7553947044605
10,9570156972469;10,9222798048159;10,8800960804609;10,8365851665722
10,8499015102367;10,9871254131637;10,9954331091065;10,8387156978223
10,581209892723;10,8593745941887;10,8212572570088;10,7505173310315
11,1669584486206;10,6818617873137;11,0497474010543;10,8359810962539
10,1948152510308;10,8347578195072;10,6801689657816;10,7646955550815
10,0847452496275;11,2794496060021;11,134595088951;10,7979922207027
10,5652507514253;11,0024936608793;10,9533078250849;10,8210587282152
10,3825988171347;10,8711459595401;10,8508084270612;10,8305622146117
11,0078309553395;10,5639315037875;10,815905022847;10,8284829459684
10,7669063242049;10,8523158254243;10,9980358693144;10,8057453800766
11,1531582208518;11,2468628472829;10,7569235403819;10,8768824952149
10,7319630011722;10,6190189474262;10,6538517911703;10,8704033359453
10,1662188500311;10,671190409573;10,6714667044459;10,8625280068546
10,4074106978933;10,539350854117;10,4404838237456;10,9212052008702
11,3218890425385;10,8735020127044;10,9788580988198;10,9185512123351
11,4343731192058;11,3280424397638;10,9608234742072;10,8849739643124
10,2917556529888;11,1232207713123;10,7262040773189;10,9024583905815
11,0632776724567;10,8680444818318;10,7168670497741;10,8442004285672
11,0701734474937;11,1267140372331;10,7801165695544;10,8262744617604
11,2451577095319;10,8769936008173;10,6914120197987;10,8088692918817
11,8509939448982;10,7011764808637;10,7665946901719;10,8076442007759
10,6566799463953;10,8606493529494;10,777108071008;10,8974284012938
10,4719813024988;10,9380257670403;10,8651955818445;10,7750821309754
9,93129122443539;10,935846351758;10,7677689127872;10,8565471365465
10,3693288844136;10,6408076460782;10,8121459614287;10,8364191073889
10,9784752044427;11,0129279793358;10,7712639429279;10,7896726162823
11,0880709605951;10,713066017467;10,8286351945068;10,8366108306486
10,6383469769935;10,7133775653898;10,9304087546596;10,8324261033315
10,7920612359909;10,7350672419192;10,7932751776829;10,8992981456328
10,5862227424148;10,6158399027585;10,8983390459145;10,7747534721368
10,6617953400646;10,937978019028;10,7324450948798;10,8765325533477
10,4807020728702;11,0724265883903;11,0095336111389;10,8243731191956
11,0745064017294;11,1168468197051;10,8938968232251;10,8815930404221
11,4845512195041;10,8502268791343;10,8180071389135;10,9630021225513
11,5139574760847;10,5903320218111;10,7555742193595;10,848275141846
11,191317127903;10,7478406762786;10,7572362110747;10,795136423594
11,1372235628376;10,6506719371875;10,6287046417231;10,85593239911
10,7644605563933;10,7486092274064;10,7667681855756;10,7683354259845
10,6131824681872;11,0985028972101;10,7860260960764;10,8528530877255
10,8060070875154;10,9131032403755;10,8400779366985;10,9006530467177
10,9461863214935;10,872637713959;10,7585215285882;10,796372154192
10,5838198877419;10,7545263178017;11,0397016986401;10,82172763177
12,390443586185;10,6624429098579;10,863753403606;10,8744723404363
10,8810595294532;10,6830761444036;10,8076331638916;10,8247604527267
11,1396186249659;10,8796073252324;10,7481521147571;10,8662225196202
11,1876092237368;10,7442974634518;10,6901610477202;10,8115452350956
11,0391848327305;10,8137313371617;10,8576604765055;10,8815177322943
10,6051564562038;10,6323542921254;10,9966474942739;10,8618329800061
10,8736505634689;10,8279042978627;10,7380688036032;10,8032180904094
10,6394439047594;11,1655394311671;10,7558375141986;10,8472835472593
12,3160809131942;10,783721514054;10,8466825047423;10,8321946676782
10,2903473664793;10,8501220244357;10,7364062224105;10,8494709590207
10,5713884293805;10,8608805562961;10,8797098223278;10,8686512986913
11,8521819482513;10,9455422170749;10,8338646991666;10,741709713421
10,7315838635268;11,0128037203815;10,8384580551926;10,8421697415742
10,6674478797682;10,7556104792411;10,912881788806;10,8573040881328
10,8304554352719;10,6001426164427;10,7215230538079;10,8458949396554
10,883922794967;10,9233869491971;11,019063424854;10,7838770176426
9,83166476618221;10,7572970381372;10,6374520904039;10,8083002412557
11,0106283560359;10,8187070665627;10,9048996387874;10,8379694685883
10,9378509663602;10,9740809921486;10,9572517901958;10,8885249994592
10,787252552338;10,8469288861536;10,9265368236662;10,8074559376274
10,6811316316207;10,9702715057093;10,7742197933117;10,8685196024258
11,0216101208834;10,6814903110546;10,8351702064745;10,8522981290484
10,7966785135765;11,0142648158134;10,8785832506842;10,7845329829078
11,0219175700269;10,6833136301356;10,8995936544582;10,7874359887244
10,7468869896833;10,5772860390715;10,9104100221893;10,8842696151107
10,2698069453316;10,7233657868751;10,7838568760953;10,8252992482629
10,6306956252086;10,6808288158061;10,7064536529718;10,8503510594917
11,8997669896979;10,7457761508339;10,8673933320862;10,8342947000872
10,5857804757712;10,8271715211614;10,7399704722187;10,7960846975104
10,7964653875607;11,1606799622471;10,845569884442;10,8349579271876
11,1158682875334;10,6169630976129;11,1397715272859;10,8479129026399
11,044168766832;10,5385597718268;10,8680776756929;10,8731973881182
11,2712466165418;10,6533086575143;10,7748385464125;10,8522062544038
10,9790417811245;10,9463565050331;10,8283982829277;10,790073735105
11,0004715557499;11,0495972438745;10,50567453305;10,8340640532896
10,2253125951519;10,7240638319914;10,6923667991112;10,8534889799942
11,4052411983689;11,3138742335736;10,7539228931676;10,7807749763273
11,0659048649041;10,5747372493639;10,6571377188067;10,7985099688353
10,525506901047;10,605127169695;10,9279335171464;10,914872047001
10,7380001749062;10,6693881374765;10,9600852791838;10,8071218001395
10,3935933798562;10,7361364404142;10,7375754717101;10,7969506355381
10,9478274511287;11,0783755355712;10,8366609101239;10,7518017998172
10,3543616338396;10,8828587931374;10,7901640369063;10,8474078087728
10,3803204584496;10,9198304154164;10,7533071728412;10,9265172308548
12,5706271908048;10,7740924205418;11,0227642182223;10,7672863751836
11,3670659602602;10,6009395314094;10,598977557599;10,8116023433678
10,6567529336928;10,8374673073552;10,8826520631024;10,8901111210667
11,9653058745989;10,7729131456483;10,9283445577108;10,8337280362494
10,9076385390072;10,8131396728443;10,7848091285911;10,8935628281318
11,1258690355275;11,0035138196767;10,8687813056858;10,8359997033635
11,0434754505817;10,9051035551934;11,060018018065;10,797706581516
10,6895193500514;10,9022034076927;10,6463776351035;10,8022350145643
10,9328536730805;10,4595824667072;10,6852568541237;10,7797616919472
10,4530798883362;10,9981312032085;10,77015951077;10,8030977951866
11,4314239079167;11,0727960787785;10,7877871920538;10,8492752678618
10,7194040642212;10,6717621291582;11,0302652639586;10,8959348146741
11,2543410541495;11,1084884433423;10,8593542302581;10,8955348352421
10,3526979386211;10,8535746726833;10,8869780689714;10,8727421740978
11,6798070361568;11,1137493069667;10,9800560536696;10,8686983810686
10,2946430386024;10,8047437442388;10,9105804260071;10,8150122229388
10,4352078451021;11,2374418757663;10,8263255992573;10,8683079506775
10,6867929115393;10,521816359022;10,7810834714797;10,8283157935409
9,88350194371394;10,7518343743436;10,8680034523293;10,791330888084
10,5803917166245;10,6400634020345;10,7212544576871;10,8053237348526
10,497651104727;10,7401480872711;10,8066382277923;10,7784880791729
11,0501674676059;10,8493867226848;10,9327197923891;10,8111912245421
10,879069032268;10,8992623072173;10,8013629645965;10,801505671445
11,0795593114962;10,7288889205806;10,9117147914913;10,8757046937217
11,115593707268;10,7945948712275;10,7728338153111;10,8009893681649
10,7609276593021;10,8188752045014;10,6096209155979;10,8401190198961
10,3640503995156;11,0487958127446;10,720874333618;10,8604847566876
10,452917903987;10,6359929481977;10,8086670768368;10,7188102777775
10,7123685991265;11,0836139547601;10,6167030687833;10,8829028934893
11,6820672278338;10,7750131332986;10,8617057637903;10,9206352483143
10,7179761427828;10,8580697299186;10,79661917353;10,8244972600469
10,5517601431245;10,4764870642822;10,9833680015428;10,8335343201613
10,6045060348255;10,9594379465064;10,9144672659802;10,8360833841362
11,2922459284982;10,9032888262693;10,9027803324052;10,8191267794966
10,0695423731169;10,9774881415488;10,7329912056549;10,9085494036155
10,6808219906451;10,734126285153;10,8717892862752;10,835369685889
10,9389304559467;10,6871135596198;10,8197928870308;10,8103477142142
10,9212458859369;10,9115014737146;10,9932435592174;10,8596346469898
10,4531577480357;10,7431389104361;11,0113144338083;10,8593214812681
11,1722464827347;10,9915481849396;11,0055488799021;10,7779007780705
11,1808394100594;10,7967335666349;10,82022096248;10,7424314874811
11,1112156934042;11,1897911357081;10,7613045637825;10,832128522091
11,5639824808556;10,4697398829253;10,8003140597496;10,8305788749065
10,9686050213534;10,7966633236409;10,721964665283;10,892792406815
10,8373774452297;10,6058758528634;10,8907871026217;10,8539008807639
10,0746501630887;10,652843792396;10,7352506492956;10,9016135612324
9,95747262697677;10,790079472732;10,5385244423097;10,8076944493588
10,5790883567661;10,5970655602459;10,7693307398538;10,8240053389126
10,6221486176464;10,9652263713555;10,8146316400121;10,8463294074195
9,41999439654491;10,8286299984246;10,8348022173245;10,812498382397
10,2420215847818;10,854078932844;10,7934238304509;10,8414144257258
10,7906104729591;10,7351741172253;10,9194528710404;10,8420757265632
10,7900109275031;10,9629576759708;10,9446058098166;10,8560521062206
10,9132070062368;10,9636284758276;10,8743637319748;10,8021206016352
10,6587500122283;10,6447634425773;10,6639268585207;10,8342329062145
11,301955328887;11,0856862293549;10,7763165584908;10,7621724511005
10,990236239239;11,0813211091096;10,7314880861144;10,820788246427
10,6667031163864;10,8631617463557;10,9721777594898;10,8333722595795
10,3916307183422;10,9338974760346;10,8388445692931;10,8416763061668
10,7539310790252;10,964646402575;11,0205893351122;10,8146351039774
11,1863673422692;10,8035260941884;10,6543501680053;10,8435542324353
10,80039365918;11,0429255488291;10,8152290689147;10,7733391799982
10,881686828202;11,2582240092465;10,8157607631767;10,7995802710876
11,3399944432672;10,7729367041496;10,9500394728106;10,8724169175508
10,6935452780609;10,9972636521428;10,6349064345607;10,8956144358534
10,2336651254491;11,1782075732715;11,0198375788892;10,8233123845161
11,2545042489737;10,8054858684349;10,783479609953;10,8558984508736
11,2267869972031;10,8259735182042;10,7036943146777;10,8191677273598
10,0195436916132;10,7370458525041;10,8046701517998;10,7512129526057
10,360423721947;10,9160923673158;11,067638710034;10,8128225135096
11,3580675500679;10,991967966162;10,7968921797204;10,8557321867159
10,7034971023396;10,9024419269726;10,7154537414081;10,8145026636564
10,91759879154;10,3592531403937;10,9740883497341;10,7738224734923
10,4579344977433;10,8909013251583;10,8860038200769;10,7768709726824
10,3609797500665;10,975898929042;10,9024936899628;10,8514019744457
11,3041373743864;11,0402129986032;10,7409817153261;10,8375055558249
10,8319378408524;10,8480028245772;10,9213658736093;10,8161377792685
10,8452744663112;10,6893156240199;10,7087394694423;10,8153189410188
10,8737048781756;10,7417968249352;10,7462350819625;10,7619911330476
10,8288936911255;10,7086529617302;10,5983578812718;10,8114811261645
10,5411112839855;10,652258303905;10,8809846703812;10,7250087781151
10,5525128747001;10,99778593572;10,9058043351106;10,8541685588428
10,6711864474273;10,6090398519686;10,7876041084762;10,8122115005037
10,70248933604;10,8709375353634;11,0277265281004;10,7843321226941
10,5317191890699;10,6507949606265;10,7232327354057;10,8286184355678
11,4872036251811;10,79322292219;10,726692343938;10,852613630926
10,6138403717951;10,7625712733282;10,7384804252718;10,8217904172404
10,8744664612347;11,0629852272401;10,8406629830288;10,8023483443328
11,2059339118631;10,6005970536143;10,8589803284406;10,8416544138075
10,5578131460203;10,7437623799779;10,6453108833056;10,7744809745221
9,6970433134077;10,9416685049598;10,7346564921873;10,8077287525778
10,8748852622562;10,5807153761308;10,7496940211846;10,7536359932519
10,8540549596483;10,8184554174199;11,0378546062064;10,8341988786673
11,1397794295354;10,9611861091707;10,861619332893;10,8328789610848
11,1725464715157;10,9540036649025;10,6941010035093;10,8109888582332
11,1267533186592;10,7709335496452;10,7766264129462;10,8809779924172
10,6785801170665;11,0705350375552;10,8015515643826;10,8082668357262
11,290218569734;11,118925999324;10,6062000900475;10,8490092264454
10,5783665800574;10,7964169156959;10,9720076861488;10,8077691671931
11,0236145479095;10,7203497514378;10,890220858046;10,8965892863147
11,3461344751526;10,710911273997;10,6571163437982;10,8325921090036
10,8974672874797;11,0160189834696;10,6661838851711;10,8028237015242
10,7283901986837;10,6787133599531;10,7981051759402;10,7735959878988
10,8794708429873;10,8827172497432;10,7327645875134;10,8249605421478
10,7115826774939;11,3862047537816;10,7555287127416;10,8185491048282
10,4941153016122;10,9935441457927;10,8096823371117;10,7863778783688
11,0261304240896;10,9196012030594;11,0436892492217;10,8203669673492
10,3311996354106;10,9042971034698;11,1388298369194;10,8082363824213
12,0001423237395;10,7908277123828;10,9660747279088;10,7658822242027
10,7975177711866;10,859237389818;10,9306250078654;10,8182041182124
10,7649549475552;10,9627222425948;10,9175005579206;10,8170844485928
10,4672952499971;10,7769114415261;11,0575166490559;10,7893857768247
10,2567620178913;10,6530403825504;10,775091730116;10,8118351692246
11,0444650461041;11,0802694163857;10,639941765452;10,9086615426462
10,7777064990866;10,9282787172485;10,867218664845;10,8582569723619
10,3913946141287;10,8715266450577;11,0385642900309;10,7901024788021
10,2339294779199;11,0908801280995;10,7757040237012;10,8288945483234
10,7772164680414;10,8979684722084;10,7941047919191;10,8607152133861
10,7922770662869;10,6707803474766;10,7321287711254;10,7817938037263
10,8755583259004;10,818478430697;11,0057129212977;10,8398466898909
10,7588603183054;11,3056641060704;10,8713851262351;10,8232545207582
11,2167232944425;10,6916334724913;10,6604911839122;10,8102425168474
10,1255016340076;10,9170227109814;10,8974699808339;10,8146334079002
10,0519087635588;10,9340527751012;10,7811572993173;10,9118475364897
11,1084424686458;10,8533170872168;10,9549561557644;10,8398170009566
10,2810061565675;11,0677399784281;10,9179753657791;10,8375898709302
10,6539689449301;10,6736163151744;10,9119821385177;10,8454122701978
10,9347807436357;10,7391272941734;10,744924499315;10,8111399127074
11,0802520684662;10,8329841629537;10,6291125076856;10,8943192596469
10,7611494826594;10,8609741665428;10,6494369456319;10,8559293554786
11,2243297379436;10,9366905500132;10,7947915131422;10,8488606921838
10,5085937288129;10,9128790428591;11,0950325351477;10,8850510997399
10,405212386554;10,6317364494319;10,7580657088156;10,836021477759
10,456055154581;10,718279558469;11,0486524355391;10,8051124832663
10,9800284412013;10,6295614876171;10,8507251201599;10,8404283232111
10,7200988405249;10,7700745092628;10,7116774906664;10,8089623656726
11,530453983516;10,8757415140725;11,0075026224444;10,8496863106003
11,463960185252;11,0133768085624;10,75846470088;10,8299150089699
10,4060077521015;10,7745044686559;10,7849241297513;10,8842576791447
10,7474632922434;10,8110245654674;10,8160618087363;10,8334216580031
11,0897334891764;10,7749684929891;11,2321674605426;10,8634129591861
11,9584080865726;11,1576989015539;10,9385599680053;10,8291734683898
10,8315734152707;10,6322255111139;10,8880937165727;10,8619333686148
11,0113831652521;10,6782103162337;11,0396807119384;10,8117419064259
11,1318790319667;10,6149562056029;10,8440473114158;10,846736340244
10,9544000897051;10,5974836004783;10,8950328546462;10,8354015076811
10,6689825320782;10,9341939775383;10,8679148825441;10,8626698862766
10,4376390968057;10,8107314247537;10,6942860509126;10,8405713969421
10,7362688762019;10,8490524896605;10,6353045197192;10,8688009321535
11,8972360554752;10,9922941647954;10,7310917563232;10,7920759382801
11,2704345216801;10,7503013963541;10,8982306980895;10,8402871582744
10,75870504991;10,6134758208392;10,6264492312884;10,7904366577664
10,2801388895142;10,7182665573234;11,0185475315295;10,8197016704182
10,7683178230833;10,6011102285632;10,7971038111143;10,7867557636818
10,0741114440354;10,6831440351589;11,0474672333652;10,8553249343875
10,1709045886851;10,4781491266049;10,988836663898;10,9097775097044
10,3371629301214;10,7306638127047;10,9495079480781;10,8680394977115
11,0601672700115;10,9093210217659;10,944693777074;10,8671889001161
10,8003340323903;10,7813940467421;11,0811923461659;10,8749277627253
11,1503632551381;10,7951572643422;10,9501469524002;10,8351860923435
11,4152602100118;10,9456385988772;10,9736694925465;10,7738859000715
10,8668581929431;10,567064877923;10,7685383565162;10,8676697756493
10,5279366295488;10,7937987101139;10,907673871149;10,8286498490385
11,2718904299748;11,0003838697289;10,9293594808507;10,8375476781061
11,1903346399287;10,6090968210659;10,8834867586068;10,7855354648123
11,5226349231108;10,8522983523917;10,8194624968756;10,7786221699692
10,4769695677049;10,80363193202;10,8596114489219;10,8284015766924
10,3639545488354;10,7241032630879;10,7401903979933;10,771645433335
10,2960831052662;10,8006804275864;10,6454372195142;10,7806667154844
10,7442714468245;10,9286008667892;10,6583866936902;10,898129981699
10,392155140634;10,6993440095019;10,901287247461;10,8477250092203
10,4302230919592;10,8153704888615;10,9145976851374;10,7575399729994
10,2840413313249;11,1125135737775;10,8279787268662;10,8090911271603
10,8183308631603;11,1047601183159;10,7271579961262;10,872370088488
10,6686689851463;10,8091907444421;10,7573640552787;10,8782663893446
10,6282317238789;10,6890943585661;10,7634828224412;10,8189802539021
10,8372948685953;10,7844801748973;10,7175638635051;10,8306277245351
11,3634820340602;11,3697623037794;10,6219104111946;10,8405283488149
10,9245877498947;10,7693181225283;10,9648172513232;10,8278482474232
10,8238314649595;10,8015250421286;10,9378876343167;10,8084225417259
10,6832533343405;10,8358814770134;10,8712687952408;10,7384368261027
10,2463059050416;10,5663547450491;10,9217225435748;10,8053901375716
11,055431782093;10,7032960086696;10,6357901763274;10,8728333128313
10,6068651358687;10,749489806438;10,6286022547748;10,8136443185978
10,9411136203253;10,8468285466025;10,7917799652821;10,8452370272328
10,4965165104786;11,0169233209394;10,6987423548416;10,8484183829353
11,2581589179532;11,0135048357436;10,9254210138599;10,8486105098739
10,9341819968421;10,5867302150214;10,6475920738898;10,8918050364106
10,2176539161679;11,2734556868174;10,9559598484068;10,8647233973955
10,4665390674503;11,0415624916526;10,7676750521712;10,8778138446312
10,3562982993085;10,6434135719715;10,8348343450997;10,8740232291881
10,357068100573;10,5421849375248;10,9652542625703;10,8767642248205
10,5348751668145;10,5733083150928;10,9370037924101;10,8394542760973
10,8299348679663;10,885168642454;10,7439862690763;10,8089250654638
10,4348187895341;10,4016594451817;10,8459594674612;10,8829931044184
10,8914004142022;10,7521760799734;10,7009888566738;10,8327555077031
11,3944199460188;11,271261428826;11,0121818560939;10,8577093518394
10,1949222664381;10,7577449833043;10,834925394136;10,7782693014298
10,7495006382238;10,5063735090383;10,9430780629272;10,8320351482266
10,8526239105116;10,5969266910082;10,7359067955244;10,8356175525193
10,0918103920378;10,8424292792669;11,0008889483756;10,9086563587134
10,8815506997806;10,8524613791879;10,8185431801109;10,8804945849895
10,6339566795623;10,6631859649201;10,9280711617424;10,8688079568239
10,5065340197179;10,8479807370668;11,1223737277096;10,8021964795057
10,8211679172828;10,9360087448397;10,8137300833273;10,9201657750161
11,2292336499218;10,4173788283704;10,8854469697664;10,8912729507995
10,381853428914;10,9702471542514;10,6191503838476;10,8248354498775
10,5527638500769;11,0772194874917;11,3261995024472;10,7585063638634
10,1842275136569;10,5592967143253;10,654704768951;10,849133008345
11,211903112124;10,7665463019814;10,703036922225;10,8124811485732
11,2412860940618;10,8191485444153;11,004009893087;10,958859329096
10,8889553597471;10,8710014658091;10,9058396186301;10,840451918708
10,5740993103032;11,0884756221678;10,6953956007484;10,8570858396207
10,017788887951;10,3976005830181;10,8517888382199;10,7526889190432
10,1712895644349;11,1160435435236;10,9238853363901;10,750334374807
10,7806024510113;11,0968546213748;10,7295134008657;10,8133902154365
10,2970540088151;10,6185817443317;10,6871675956505;10,7824596235321
10,904404229111;10,8735475478551;10,71002479089;10,8763447014037
10,3958693225238;10,5365949022854;11,1541465083112;10,748793673056
10,8007447867828;11,0161174235413;10,7723470413036;10,8071239484092
11,036768181594;11,0869448025937;10,9323564108094;10,8717015315702
10,609508385213;10,8155321169319;10,7103157848461;10,8773581627713
11,4222414312502;10,8880337456845;10,7940007088532;10,792044256807
10,1178385214214;10,6780742490409;10,77027579112;10,8403716522817
10,842173013721;10,6510467532264;10,9315140038699;10,8208022745776
10,9711755455283;10,7684493739074;10,8054998902754;10,848853219572
10,8503221477699;10,3350821892101;10,8657729231004;10,8801299871681
9,9912439288274;10,9622921230917;10,6601923890052;10,8343019129338
10,391177877027;10,9029011861096;11,0091931416199;10,8038318885496
10,8031925968399;11,12661435578;10,7935330806122;10,869718946171
11,3543969419804;10,9289736394689;10,7117155131217;10,8135306409508
10,8130330994718;10,9301723888137;10,8723485148853;10,8312312319611
10,1438476879819;10,4650454468312;10,6714969659812;10,7717648838145
10,4736708759788;10,5263228463084;10,9256553349591;10,7958347573718
11,4092266078179;10,7406400924647;11,024552814838;10,8427462568235
10,9218822263242;10,9486557355488;10,9292580433854;10,8340326633024
11,7632442983525;10,8709083286592;10,9102476642753;10,7895128004183
10,386372718846;10,6548143374638;10,8527348856533;10,8584612713407
10,8947905906026;11,2520033683613;11,0604365810494;10,822957517461
10,4038711676223;11,2729080259319;10,6595939668047;10,7950943116058
10,8720179959691;10,7914759836542;10,7525129447204;10,873138590044
10,2563878362247;10,8183849757447;10,6834503727309;10,8263247950204
10,3922174084003;10,7349913170764;10,9032959652567;10,8533075183693
10,8112179061327;10,6933563897559;11,1342815048787;10,8334788354971
10,1958252171651;10,8370910408596;10,7364940421857;10,8042887216607
10,4042611177231;11,0801073032276;10,6896147751951;10,7660940911181
11,1209981888385;10,9027620766014;10,8584679988653;10,8994391154186
10,5188964190214;10,8602364420297;10,6310875779497;10,8753638269874
10,3426640291705;10,9550098680417;10,876362977628;10,7929975840288
10,2179774505712;11,1390752706066;11,0027055967424;10,8534841987919
10,1445100024626;10,5994408150171;10,6947967670887;10,8583681999522
10,3348114793779;10,6979264173767;10,6830855590191;10,8364191581737
10,5442683766595;10,8559804137077;10,8492619361558;10,8939399129027
10,722639654373;10,8091567762795;10,5050161113428;10,8979667255105
10,8133253128213;11,1232473733853;10,7231534137891;10,8365542976084
10,323389351871;10,7222898204072;10,9488485063243;10,8850247243318
10,287352404741;11,0107142224754;10,6792832155663;10,7847746080351
10,4926132583857;10,8033061236462;10,5912939846742;10,7964020625807
10,7440185669658;10,6371846480636;10,7218912157293;10,7871005574774
11,2718271257918;10,7293801441544;10,757884778161;10,8971002746082
10,2075851162725;10,9512563418429;10,8772344352357;10,8015303174138
11,7415871369834;10,787563047497;10,6434204543106;10,8810646152815
10,3467568941804;10,8507308610973;11,0099161706273;10,8962963164233
10,6289514222397;10,6147091009845;10,8418288297284;10,7477418360712
10,8140126700255;10,7876725896148;10,8465559889683;10,8496254707032
11,8888096447836;10,7774741575919;11,0178766414976;10,9065584282059
11,0514199754227;10,6744831070001;10,8751826546981;10,8624064058281
11,2834020306379;10,6053439626438;10,9323022735267;10,8569046923629
10,6274398532092;10,6139561190344;10,8899516739175;10,8115947502899
10,3240635943129;10,6102133190567;10,7348304757853;10,8415121108588
11,2975611207529;11,0342542151979;10,9349579814403;10,7785250361133
10,7685169027091;10,8464143411442;10,785718005747;10,7921130572936
11,0172439412512;10,5708164946194;10,8346338488433;10,9159586989929
11,3593095316345;10,7696727458587;10,7347990583399;10,8720857245561
10,4294372235504;10,7489585989233;10,9062573643611;10,7803334709492
10,7204278206971;10,9064798075561;10,6611166226591;10,759707363632
10,4535643009661;10,5894269458482;11,1076545835107;10,81757091116
11,0473260863506;10,727105439571;10,8875754242753;10,787837171292
10,7085116245126;11,0021222351768;10,7224798146237;10,8570232308838
10,1587744707148;10,8876148557788;10,7486717853451;10,8106324967161
11,6328042923123;11,1944673004634;10,9822167475742;10,8963410937345
11,0534090283603;10,7670042388673;11,056985488091;10,7862358447875
11,0913105174118;10,9816059309064;10,8697059425501;10,8521472419077
10,6981161464332;10,8168263960673;10,7144601968695;10,8454886134966
10,706108423686;10,9894103050958;10,9001438735973;10,8387929898841
11,0920041441835;10,3902628420871;10,7291635203877;10,7647094426027
10,3714183888844;10,93204982442;10,8484885792534;10,8457328734152
11,2775838815341;11,3051164849578;10,8642406247994;10,8315654169671
11,7870282462736;10,8487307517394;10,7777819545217;10,7735604377245
11,4054767784844;10,8418136471608;10,6295968187261;10,8376895814908
10,8479692171029;10,4633701186228;10,6190023459199;10,8036458976293
10,7940856519939;10,8391869860721;10,7658779335624;10,8422151599823
11,7555516137155;10,8163048721496;10,9700784716069;10,8470440268018
10,4283832207832;10,745527711712;10,636775306717;10,8363146610567
11,0325714926647;10,8732811419373;10,7789815111693;10,7797761796996
10,8735369194281;10,9682043913492;10,8499216119979;10,8707153847408
10,9406159235414;11,0203102858479;11,0088170371221;10,8720358183152
10,7282564766119;10,6353045290733;10,841009890696;10,7776624535968
11,0695263889616;10,9656196026935;10,9656479667232;10,841189267917
10,6562874254142;10,9285024960386;10,8684741777909;10,8831067669033
11,4585881600174;10,9184578024027;10,7500597705186;10,8295181133375
11,0548497999106;10,7577637208265;10,7418935455761;10,8477422332498
10,650035412708;10,4933763273177;10,9463538728594;10,8508408975767
10,4925469118478;10,8667635917911;10,689223006615;10,8375920858574
10,6822168649893;10,5911683993137;10,9150897403526;10,805158836429
11,5507804770722;11,0194976657313;10,962643158335;10,7953588537137
11,4116619767336;11,0413229301706;10,7805685091324;10,7897825635965
10,4055620976371;10,8577985504969;10,6290320423312;10,8390525227768
10,9909756547644;10,807165554791;10,9786747767748;10,8077431391565
11,9209074815691;10,8473455533006;11,0703649724335;10,8365135945892
10,7353375143582;11,1721957575068;10,9539836323392;10,8895933565048
10,514177382464;10,903476924989;10,7912025460378;10,9097802646089
11,5628424434291;11,1835727931426;10,8797898507035;10,8447157201683
11,187161242878;10,8803564490277;10,8528091826448;10,8313187015141
11,0096382480067;10,4078162716772;10,6066354193511;10,924631608095
10,8759313511312;10,5343059749529;10,7294000913196;10,797334014856
10,4312200052645;10,8585895123785;10,6610966633268;10,8677902316358
11,7481061094129;10,9922039271054;10,9359819016342;10,8758707568918
11,4681153807639;11,1250313029384;10,6788043897455;10,8578062518652
10,9433066271659;11,0222944697967;10,7311113186278;10,7338483079904
10,6979469009491;10,6462917424903;10,8765847581075;10,7725279114503
10,4191906496796;10,7411145470109;10,7430056213413;10,8660161211504
11,400446401075;10,8412945909632;10,9079648214712;10,8253654142228
11,4278754837246;10,6982756349387;10,7301043421988;10,9113467348937
11,0915645520953;10,8311473039321;10,9574499865947;10,8924432370933
10,4308321824169;11,095321717174;10,6529914662506;10,8591481419464
10,3378822939505;11,2417939042669;10,9607129553814;10,8248887629093
10,5272378880488;10,9971406628772;10,7698901173605;10,8456700646286
10,7386808762218;10,5651546058595;10,5889875982819;10,822288225361
10,3709024094267;11,0618138499816;10,9215524916446;10,8763601144526
11,9830795756673;10,8455141669095;10,5504608918238;10,83283605824
10,9598045415603;10,9230891848846;10,8611336284304;10,8006074572697
10,9450577423682;11,1003181980974;10,8335165203379;10,7763451507019
10,9638754554684;10,8145547499818;10,8735484860765;10,8377096825089
10,8822800558308;10,8441326917056;10,7970041470333;10,8146734920475
10,7646277130784;10,6664978341687;10,7732702028814;10,8447601557105
10,617737042091;10,9159234009272;11,1080840969427;10,7685007893652
11,0783301215186;10,8838173628729;10,9092287133262;10,938257979073
11,1632643112528;10,942785689706;10,6003050020762;10,7928638526644
10,5055738195518;10,7584813384012;10,8259379094451;10,8036340812717
10,91611808134;10,5700737147339;10,7703545878626;10,7963096848079
11,7722487943135;10,7369106495872;10,8304505269853;10,8921732232483
10,4841811320626;10,7036130244113;11,0201550902579;10,8073207294065
11,783147654528;10,8701832209682;10,760555565721;10,9160863870738
10,5671983886999;10,939080568865;10,9630955579653;10,9020904936286
10,3541964752017;10,8679817079322;10,8667218059408;10,8350160388881
11,0523728770857;10,8360658725752;10,7853898355094;10,7662031448437
10,7923595764354;10,9644605911744;11,064949463318;10,8146839505652
10,5426649018665;10,8585126630319;10,8435150643275;10,8496094882326
12,73464366291;10,7428600347255;10,7985539369445;10,8456929784818
10,6161341693096;10,9510076279439;10,8467334731754;10,8562863863747
11,1662547209585;10,5244055147056;10,7965808087544;10,8082412342157
10,711963607107;10,8510430476118;10,7586433112781;10,8548153573724
12,1707864393952;10,8896783379022;11,0223813508243;10,8596102380662
10,3985356356529;10,4228829455227;11,2435747208723;10,7855133811406
10,6024355080015;10,7553224680963;10,9420877337076;10,7818169025487
10,7991817994109;10,8592040840285;10,8278899533025;10,79049250441
9,56802250183114;10,9434969871603;10,6986879528562;10,8558282054204
10,5348172139461;10,4548091223865;10,8000931910624;10,8702036931008
10,5563076950224;10,7214455280714;10,832531656166;10,7974922571401
10,4452408068349;10,817634734601;10,8720058866599;10,8155388480948
10,3882561400405;10,9238512272752;10,9330169165873;10,8295022043066
10,4964536390298;10,7347255663748;10,9163503524531;10,8092061322585
10,9059968268658;10,895020773156;10,7916209569019;10,797055121853
11,0169479564712;10,3694840553857;10,9224001610609;10,8586850438397
10,843360824289;11,1133479207872;10,8384948197436;10,7938764112263
11,360242348401;10,9315490589338;10,6107682198362;10,8789936730288
10,6674460264997;11,2831587670727;10,7529024738259;10,9037460573854
11,3470952871293;10,7670226078333;10,8315959327198;10,7991609456534
11,3819962323111;11,1898276518444;10,837544348542;10,7634748501568
10,6049170477363;10,9710970375407;10,7213124863303;10,8379254324717
10,7738511728899;10,9354066055946;10,8931174811046;10,8098820076027
10,9766314498328;10,4424920472537;10,7010579869662;10,869661378014
10,8069914333568;11,0951087846751;10,9832293348896;10,8539060328641
10,6162078306753;10,7126678257552;10,8353504981325;10,8632242203805
10,5370041090711;10,8289104928414;10,7785483136064;10,8928555304281
10,9684566713796;10,7042768764213;10,7640366861934;10,847067793293
10,4932469094597;11,1303220530406;10,8811534553489;10,8160749007323
10,7981856262939;11,1498305581345;10,5975695032604;10,8176288139764
11,8385447859319;10,9502998673483;10,5946957513824;10,8329506380327
10,4614502124369;10,6069494498365;10,5240374825813;10,7711865856904
11,2946863583063;10,9160445785909;10,756009227126;10,8687034032248
10,6473801749025;10,98092996436;10,960931165611;10,8923759216654
10,6393913766792;10,707797917357;10,9282109149443;10,8026635612132
11,0248054475802;10,7879608476992;10,505842263349;10,8271660689987
10,8878523634742;10,6626752608095;10,8092593043974;10,9005306537907
10,9050678306748;11,0284832961953;10,7952882198558;10,8841799434123
9,82419841022239;10,6931116980882;10,7537348115302;10,9145588667191
10,7653246199921;10,8053857927634;10,751383432073;10,9045803185453
10,8557211973408;10,5979933277538;10,758574209304;10,7622982574877
10,5616902651216;10,8385496565554;10,8628380937477;10,7714226591726
11,3955484127708;10,8083145647305;10,8935337976063;10,7678915176979
10,0843287538539;10,9656789520496;10,7776711020402;10,8823375843197
9,99672026516504;10,5775489376467;10,6326877575876;10,8109394110215
12,3840888253326;10,8508792598755;10,9044728743374;10,8304137006033
11,4305490755215;10,7091765179882;10,8991583575602;10,8600694920204
10,6481906728337;10,6204916013252;10,945209002453;10,8510163760197
11,5989372045835;10,943575765523;10,8398373924869;10,8269396983281
10,4726495848989;11,0196607179877;10,6792179445696;10,8566085770952
10,859411323596;11,1127385722698;10,8651965620508;10,7987015116014
10,5400801291063;10,6333193287497;11,1046135111131;10,8535013135873
10,6773559083385;10,7455975684414;10,7442906947436;10,9072405125353
10,3078313454933;10,6159979080465;10,8118981236646;10,8686932553724
11,1888493256917;10,883639870885;11,059006401933;10,881788056342
10,8482887660121;11,0618400892244;11,0287878444028;10,8421821091052
10,9600717676538;10,7576637816819;10,6536521405809;10,8584467043346
11,0505739783334;10,9048485505404;10,861078258628;10,8757787355332
10,3402173594097;10,6702725421339;10,7241842755654;10,8063405738933
11,1364901182109;10,7406442245086;10,8163283853712;10,8118320901513
10,8399239904117;10,9228593061277;10,8576051013617;10,8009136296259
11,5659490188323;10,7950190660095;11,1003290592009;10,8639010369821
10,3613575981393;11,0913814716723;10,628551060758;10,8214923214115
10,9113522030374;11,2900102853491;11,0414462632742;10,8685617356432
10,9893098623081;10,9377187172186;10,7682769870039;10,8492509991107
11,2841679484347;11,1008829394572;10,8527948776685;10,7235383710668
10,5039677144805;10,9453111437629;10,8165586936244;10,7896673851614
10,4600380927498;10,8607056892454;10,5376043700098;10,7983078472625
11,1164003268706;10,660249760551;11,0842325628652;10,835325128384
10,9141377746683;10,8433633944946;11,0503901459404;10,8621292325698
10,7341503757038;10,4525960695071;10,7338193641253;10,842995314074
10,9585467341377;10,7345724221574;10,894240267913;10,866925598452
10,4631979603844;10,7037300071454;10,9055216557985;10,7967794438293
10,7538887102673;10,8216612809094;10,749457453167;10,8657949071162
10,7718543016462;10,7315188405314;10,6115997195611;10,8718124752779
11,0728395340467;10,6649458441317;10,7187160357738;10,9145798061273
10,3782836627914;10,6989532678901;10,9905325688223;10,7324895182057
10,9871248401447;10,8448772812042;10,9556986891208;10,7555565908664
11,0899814728347;10,6592545687701;10,7983452211833;10,8563758327199
11,1447787571173;10,8226300700278;10,9035258324153;10,8509701091379
10,5622261988128;10,8107154562149;11,0304332459841;10,8742317754611
10,7117159188532;10,5070875051419;10,840470978542;10,8420101499611
10,9754183953876;10,7605510162614;10,9220750320976;10,8363084096868
10,6910651332047;10,7510153037084;10,8515339478681;10,8370940915617
11,3165050103061;10,5523200806605;10,7855885881872;10,8401858573731
10,4067471557501;10,5742267984832;10,7558931733948;10,7577211047376
10,6306276942705;11,1657532410181;10,9172256921789;10,8355390984798
11,5672475618818;10,8200334642356;10,9087624875702;10,8405651886455
10,3895038686008;11,0121988918959;11,0998297914659;10,8016368840063
10,6149267338485;10,6806525618518;10,6041247614594;10,7761005079492
10,4938407295641;11,0069060104193;10,8023561157394;10,754831594586
10,8144896695803;11,2525155159078;10,7548140673968;10,7591692344845
10,6773742602968;10,5779930375919;10,8870100662514;10,8077864067169
11,1444328374054;10,5551237789652;10,9943181830898;10,7940643611514
10,7777736289727;10,9283359821576;10,6348027910333;10,8288350805651
11,3847226326642;10,5255839214092;10,8310659165517;10,9384354001461
9,91096459266639;10,7559031709649;10,8058519063663;10,8526138449387
10,6035593160718;10,8662860702273;10,8909033660505;10,9251860831395
11,2749506473153;10,8180107840428;10,9253692467301;10,8687205602456
12,1788342878194;10,7523398170318;11,1256118071289;10,7838377786261
10,5345096345997;10,9429060428419;10,8394975635913;10,9003516189514
11,1514733195081;10,8088486409485;10,8564503282917;10,8927673448017
10,4680693424296;10,8743892952857;10,5938993319413;10,8012880764663
10,4918458386524;10,9143293321099;10,8924758425394;10,8655331787926
11,4588440199802;10,747182760325;10,8851731149212;10,8179980180915
10,3085480326766;10,5401181740079;10,8768310770354;10,8235675726436
11,1973883515106;10,8125514521372;10,8226786797536;10,7818264935584
10,5932779017885;11,0252346594924;10,914056629224;10,7895356879027
10,5101465809987;10,6036613193515;11,092914787211;10,8526544898151
10,9670068426396;10,8978466155761;10,8664462830866;10,7636294917675
10,9476948167122;10,5380881662993;10,8284363232517;10,8376646808657
11,1088187982635;10,7657640527665;10,9657980632503;10,8160016938894
11,2342458781666;10,8905439554955;10,7324016067938;10,8384651559673
10,3885920587132;10,7090664544227;10,5525511546072;10,8371929245792
10,4426668370521;10,6114763546926;10,7756310004219;10,8126585501412
10,7961840888727;11,1007948276153;10,9499069214817;10,9143733394807
11,181940912884;10,577714334498;10,9338735263442;10,799245790362
10,8311121587929;11,0961232779316;11,097368512697;10,8653926138717
11,5561131722318;10,9739338801849;10,8114248940305;10,8662472164536
